frequency,magnitude_db
1.000000000000000000e+01,-1.714526019999999923e-08
1.023292990000000025e+01,-1.795329039999999863e-08
1.047128550000000047e+01,-1.879940389999999983e-08
1.071519310000000047e+01,-1.968539130000000123e-08
1.096478199999999958e+01,-2.061313609999999940e-08
1.122018450000000023e+01,-2.158460249999999841e-08
1.148153620000000075e+01,-2.260185419999999934e-08
1.174897550000000024e+01,-2.366704449999999874e-08
1.202264429999999962e+01,-2.478243960000000099e-08
1.230268769999999989e+01,-2.595039930000000066e-08
1.258925409999999978e+01,-2.717340469999999950e-08
1.288249549999999921e+01,-2.845404710000000133e-08
1.318256739999999994e+01,-2.979504469999999914e-08
1.348962880000000020e+01,-3.119924340000000180e-08
1.380384259999999941e+01,-3.266961710000000273e-08
1.412537539999999936e+01,-3.420928839999999810e-08
1.445439769999999946e+01,-3.582152240000000137e-08
1.479108390000000028e+01,-3.750973970000000111e-08
1.513561250000000058e+01,-3.927751880000000152e-08
1.548816620000000022e+01,-4.112861189999999761e-08
1.584893190000000018e+01,-4.306694189999999747e-08
1.621810100000000077e+01,-4.509662560000000316e-08
1.659586910000000159e+01,-4.722196479999999963e-08
1.698243649999999860e+01,-4.944746769999999788e-08
1.737800830000000119e+01,-5.177785369999999687e-08
1.778279410000000027e+01,-5.421806989999999698e-08
1.819700860000000020e+01,-5.677328699999999708e-08
1.862087139999999863e+01,-5.944893030000000110e-08
1.905460719999999952e+01,-6.225067189999999901e-08
1.949844600000000128e+01,-6.518445590000000130e-08
1.995262310000000028e+01,-6.825650429999999950e-08
2.041737940000000151e+01,-7.147333400000000141e-08
2.089296129999999962e+01,-7.484176840000000170e-08
2.137962089999999904e+01,-7.836895239999999658e-08
2.187761619999999851e+01,-8.206236810000000374e-08
2.238721140000000176e+01,-8.592984579999999635e-08
2.290867649999999855e+01,-8.997959790000000488e-08
2.344228820000000013e+01,-9.422020480000000503e-08
2.398832919999999902e+01,-9.866066669999999715e-08
2.454708919999999850e+01,-1.033103999999999984e-07
2.511886429999999848e+01,-1.081792690000000018e-07
2.570395780000000130e+01,-1.132775990000000048e-07
2.630267990000000111e+01,-1.186162100000000023e-07
2.691534800000000160e+01,-1.242064190000000051e-07
2.754228700000000174e+01,-1.300600870000000125e-07
2.818382929999999931e+01,-1.361896309999999888e-07
2.884031500000000037e+01,-1.426080489999999947e-07
2.951209229999999906e+01,-1.493289590000000101e-07
3.019951719999999895e+01,-1.563666170000000002e-07
3.090295430000000110e+01,-1.637359490000000048e-07
3.162277660000000168e+01,-1.714525839999999932e-07
3.235936569999999790e+01,-1.795328959999999903e-07
3.311311210000000216e+01,-1.879940210000000058e-07
3.388441559999999697e+01,-1.968539060000000002e-07
3.467368499999999898e+01,-2.061313449999999889e-07
3.548133889999999724e+01,-2.158460159999999912e-07
3.630780550000000062e+01,-2.260185250000000046e-07
3.715352289999999869e+01,-2.366704500000000055e-07
3.801893960000000305e+01,-2.478243859999999803e-07
3.890451449999999767e+01,-2.595039870000000245e-07
3.981071709999999797e+01,-2.717340339999999809e-07
4.073802779999999757e+01,-2.845404640000000210e-07
4.168693830000000133e+01,-2.979504410000000028e-07
4.265795190000000048e+01,-3.119924129999999948e-07
4.365158319999999748e+01,-3.266961609999999778e-07
4.466835919999999760e+01,-3.420928770000000218e-07
4.570881899999999831e+01,-3.582152159999999979e-07
4.677351409999999987e+01,-3.750973789999999855e-07
4.786300920000000048e+01,-3.927751730000000137e-07
4.897788189999999986e+01,-4.112860949999999949e-07
5.011872340000000037e+01,-4.306694110000000119e-07
5.128613839999999868e+01,-4.509662340000000180e-07
5.248074600000000345e+01,-4.722196170000000161e-07
5.370317959999999857e+01,-4.944746389999999998e-07
5.495408739999999881e+01,-5.177785110000000199e-07
5.623413250000000119e+01,-5.421806590000000099e-07
5.754399370000000147e+01,-5.677328450000000124e-07
5.888436550000000125e+01,-5.944892660000000092e-07
6.025595859999999959e+01,-6.225066819999999618e-07
6.165950019999999654e+01,-6.518445159999999629e-07
6.309573439999999778e+01,-6.825650000000000243e-07
6.456542290000000150e+01,-7.147332919999999724e-07
6.606934479999999610e+01,-7.484176330000000173e-07
6.760829750000000615e+01,-7.836894670000000237e-07
6.918309709999999768e+01,-8.206236080000000108e-07
7.079457840000000601e+01,-8.592984040000000059e-07
7.244359599999999944e+01,-8.997958850000000519e-07
7.413102410000000475e+01,-9.422019539999999476e-07
7.585775750000000528e+01,-9.866065589999999767e-07
7.762471170000000598e+01,-1.033103890000000035e-06
7.943282349999999781e+01,-1.081792569999999900e-06
8.128305159999999319e+01,-1.132775879999999940e-06
8.317637709999999629e+01,-1.186161950000000008e-06
8.511380379999999946e+01,-1.242064029999999894e-06
8.709635900000000674e+01,-1.300600700000000090e-06
8.912509380000000192e+01,-1.361896109999999904e-06
9.120108390000000043e+01,-1.426080290000000068e-06
9.332543010000000550e+01,-1.493289369999999938e-06
9.549925860000000455e+01,-1.563665919999999995e-06
9.772372210000000337e+01,-1.637359210000000038e-06
1.000000000000000000e+02,-1.714525549999999992e-06
1.023292990000000060e+02,-1.795328639999999907e-06
1.047128550000000047e+02,-1.879939849999999917e-06
1.071519310000000047e+02,-1.968538670000000175e-06
1.096478199999999958e+02,-2.061313010000000040e-06
1.122018450000000058e+02,-2.158459680000000023e-06
1.148153619999999933e+02,-2.260184720000000029e-06
1.174897550000000024e+02,-2.366703919999999963e-06
1.202264430000000033e+02,-2.478243210000000092e-06
1.230268769999999989e+02,-2.595039179999999966e-06
1.258925409999999943e+02,-2.717339560000000156e-06
1.288249549999999886e+02,-2.845403789999999880e-06
1.318256739999999922e+02,-2.979503490000000184e-06
1.348962879999999984e+02,-3.119923119999999990e-06
1.380384259999999870e+02,-3.266960509999999917e-06
1.412537539999999865e+02,-3.420927549999999922e-06
1.445439770000000124e+02,-3.582150829999999919e-06
1.479108390000000099e+02,-3.750972329999999959e-06
1.513561249999999916e+02,-3.927750130000000051e-06
1.548816620000000057e+02,-4.112859200000000271e-06
1.584893189999999947e+02,-4.306692189999999613e-06
1.621810099999999863e+02,-4.509660230000000149e-06
1.659586909999999875e+02,-4.722193859999999617e-06
1.698243650000000002e+02,-4.944743870000000386e-06
1.737800829999999905e+02,-5.177782329999999856e-06
1.778279410000000098e+02,-5.421803540000000047e-06
1.819700860000000091e+02,-5.677325099999999831e-06
1.862087139999999863e+02,-5.944889010000000192e-06
1.905460720000000094e+02,-6.225062799999999647e-06
1.949844600000000128e+02,-6.518440749999999937e-06
1.995262309999999957e+02,-6.825645150000000014e-06
2.041737939999999867e+02,-7.147327629999999804e-06
2.089296129999999891e+02,-7.484170520000000061e-06
2.137962090000000046e+02,-7.836888289999999964e-06
2.187761619999999994e+02,-8.206229110000000235e-06
2.238721140000000105e+02,-8.592976389999999837e-06
2.290867650000000140e+02,-8.997950469999999344e-06
2.344228819999999871e+02,-9.422010350000000232e-06
2.398832920000000115e+02,-9.866055510000000048e-06
2.454708919999999921e+02,-1.033102779999999990e-05
2.511886430000000132e+02,-1.081791360000000043e-05
2.570395780000000059e+02,-1.132774549999999944e-05
2.630267989999999827e+02,-1.186160490000000048e-05
2.691534800000000018e+02,-1.242062429999999977e-05
2.754228699999999890e+02,-1.300598950000000010e-05
2.818382930000000215e+02,-1.361894189999999927e-05
2.884031499999999824e+02,-1.426078179999999995e-05
2.951209230000000048e+02,-1.493287059999999986e-05
3.019951720000000250e+02,-1.563663379999999845e-05
3.090295429999999897e+02,-1.637356430000000160e-05
3.162277659999999742e+02,-1.714522509999999976e-05
3.235936570000000074e+02,-1.795325300000000116e-05
3.311311210000000074e+02,-1.879936189999999939e-05
3.388441559999999981e+02,-1.968534649999999992e-05
3.467368500000000040e+02,-2.061308610000000088e-05
3.548133889999999724e+02,-2.158454849999999909e-05
3.630780550000000062e+02,-2.260179429999999940e-05
3.715352290000000153e+02,-2.366698109999999851e-05
3.801893959999999879e+02,-2.478236840000000066e-05
3.890451449999999909e+02,-2.595032200000000141e-05
3.981071709999999939e+02,-2.717331909999999977e-05
4.073802779999999757e+02,-2.845395399999999981e-05
4.168693830000000276e+02,-2.979494299999999924e-05
4.265795190000000048e+02,-3.119913030000000107e-05
4.365158319999999890e+02,-3.266949449999999777e-05
4.466835919999999760e+02,-3.420915430000000002e-05
4.570881899999999973e+02,-3.582137540000000033e-05
4.677351409999999987e+02,-3.750957749999999925e-05
4.786300919999999905e+02,-3.927734140000000280e-05
4.897788189999999986e+02,-4.112841680000000076e-05
5.011872339999999895e+02,-4.306672969999999942e-05
5.128613840000000437e+02,-4.509639160000000248e-05
5.248074599999999919e+02,-4.722170749999999938e-05
5.370317959999999857e+02,-4.944718540000000192e-05
5.495408740000000307e+02,-5.177754549999999796e-05
5.623413249999999834e+02,-5.421773080000000261e-05
5.754399369999999863e+02,-5.677291709999999792e-05
5.888436550000000125e+02,-5.944852389999999914e-05
6.025595859999999675e+02,-6.225022640000000673e-05
6.165950020000000222e+02,-6.518396719999999757e-05
6.309573440000000346e+02,-6.825596879999999700e-05
6.456542289999999866e+02,-7.147274700000000628e-05
6.606934479999999894e+02,-7.484112480000000263e-05
6.760829750000000331e+02,-7.836824649999999672e-05
6.918309709999999768e+02,-8.206159330000000287e-05
7.079457840000000033e+02,-8.592899880000000421e-05
7.244359600000000228e+02,-8.997866579999999669e-05
7.413102410000000191e+02,-9.421918369999999544e-05
7.585775750000000244e+02,-9.865954650000000352e-05
7.762471170000000029e+02,-1.033091720000000002e-04
7.943282349999999497e+02,-1.081779230000000028e-04
8.128305159999999887e+02,-1.132761250000000064e-04
8.317637710000000197e+02,-1.186145909999999963e-04
8.511380380000000514e+02,-1.242046449999999896e-04
8.709635899999999538e+02,-1.300581420000000092e-04
8.912509380000000192e+02,-1.361874970000000087e-04
9.120108390000000327e+02,-1.426057109999999991e-04
9.332543010000000550e+02,-1.493263949999999935e-04
9.549925859999999602e+02,-1.563638050000000024e-04
9.772372209999999768e+02,-1.637328649999999965e-04
1.000000000000000000e+03,-1.714492049999999986e-04
1.023292990000000032e+03,-1.795291899999999947e-04
1.047128549999999905e+03,-1.879899570000000033e-04
1.071519309999999905e+03,-1.968494499999999894e-04
1.096478200000000015e+03,-2.061264590000000071e-04
1.122018450000000030e+03,-2.158406579999999934e-04
1.148153620000000046e+03,-2.260126499999999951e-04
1.174897549999999910e+03,-2.366640080000000047e-04
1.202264429999999948e+03,-2.478173210000000209e-04
1.230268769999999904e+03,-2.594962420000000193e-04
1.258925410000000056e+03,-2.717255410000000114e-04
1.288249549999999999e+03,-2.845311510000000238e-04
1.318256740000000036e+03,-2.979402320000000049e-04
1.348962880000000041e+03,-3.119812180000000167e-04
1.380384260000000040e+03,-3.266838870000000092e-04
1.412537540000000035e+03,-3.420794169999999759e-04
1.445439769999999953e+03,-3.582004589999999880e-04
1.479108390000000099e+03,-3.750811970000000081e-04
1.513561249999999973e+03,-3.927574299999999968e-04
1.548816620000000057e+03,-4.112666410000000161e-04
1.584893190000000004e+03,-4.306480800000000064e-04
1.621810099999999920e+03,-4.509428450000000049e-04
1.659586909999999989e+03,-4.721939710000000066e-04
1.698243649999999889e+03,-4.944465210000000346e-04
1.737800829999999905e+03,-5.177476790000000396e-04
1.778279410000000098e+03,-5.421468520000000341e-04
1.819700859999999921e+03,-5.676957760000000486e-04
1.862087140000000090e+03,-5.944486230000000293e-04
1.905460720000000038e+03,-6.224621160000000288e-04
1.949844599999999900e+03,-6.517956500000000484e-04
1.995262310000000070e+03,-6.825114189999999638e-04
2.041737939999999981e+03,-7.146745449999999857e-04
2.089296130000000176e+03,-7.483532169999999959e-04
2.137962089999999989e+03,-7.836188360000000521e-04
2.187761620000000221e+03,-8.205461650000000053e-04
2.238721140000000105e+03,-8.592134890000000533e-04
2.290867650000000140e+03,-8.997027789999999768e-04
2.344228819999999814e+03,-9.420998659999999620e-04
2.398832919999999831e+03,-9.864946229999999820e-04
2.454708920000000035e+03,-1.032981149999999924e-03
2.511886430000000018e+03,-1.081657989999999922e-03
2.570395779999999831e+03,-1.132628319999999912e-03
2.630267989999999827e+03,-1.186000159999999999e-03
2.691534799999999905e+03,-1.241886630000000073e-03
2.754228700000000117e+03,-1.300406179999999976e-03
2.818382930000000215e+03,-1.361682830000000063e-03
2.884031500000000051e+03,-1.425846429999999944e-03
2.951209229999999934e+03,-1.493032960000000107e-03
3.019951720000000023e+03,-1.563384770000000087e-03
3.090295430000000124e+03,-1.637050940000000067e-03
3.162277660000000196e+03,-1.714187550000000016e-03
3.235936569999999847e+03,-1.794958020000000064e-03
3.311311209999999846e+03,-1.879533490000000065e-03
3.388441560000000209e+03,-1.968093099999999786e-03
3.467368500000000040e+03,-2.060824470000000019e-03
3.548133890000000065e+03,-2.157924009999999827e-03
3.630780549999999948e+03,-2.259597380000000124e-03
3.715352289999999812e+03,-2.366059920000000011e-03
3.801893959999999879e+03,-2.477537090000000216e-03
3.890451450000000023e+03,-2.594264949999999879e-03
3.981071710000000166e+03,-2.716490660000000189e-03
4.073802779999999984e+03,-2.844473010000000100e-03
4.168693830000000162e+03,-2.978482929999999931e-03
4.265795189999999820e+03,-3.118804110000000188e-03
4.365158319999999549e+03,-3.265733570000000155e-03
4.466835920000000442e+03,-3.419582280000000186e-03
4.570881900000000314e+03,-3.580675809999999976e-03
4.677351410000000214e+03,-3.749355040000000062e-03
4.786300919999999678e+03,-3.925976850000000365e-03
4.897788190000000213e+03,-4.110914900000000108e-03
5.011872339999999895e+03,-4.304560360000000106e-03
5.128613839999999982e+03,-4.507322799999999643e-03
5.248074599999999919e+03,-4.719631000000000173e-03
5.370317960000000312e+03,-4.941933849999999989e-03
5.495408739999999852e+03,-5.174701309999999929e-03
5.623413249999999607e+03,-5.418425400000000287e-03
5.754399370000000090e+03,-5.673621190000000328e-03
5.888436550000000352e+03,-5.940827919999999880e-03
6.025595860000000357e+03,-6.220610090000000189e-03
6.165950020000000222e+03,-6.513558669999999946e-03
6.309573440000000119e+03,-6.820292319999999957e-03
6.456542290000000321e+03,-7.141458649999999839e-03
6.606934479999999894e+03,-7.477735640000000156e-03
6.760829749999999876e+03,-7.829832970000000572e-03
6.918309710000000450e+03,-8.198493540000000718e-03
7.079457840000000033e+03,-8.584495010000000106e-03
7.244359599999999773e+03,-8.988651400000000416e-03
7.413102410000000418e+03,-9.411814790000000430e-03
7.585775749999999789e+03,-9.854877059999999495e-03
7.762471169999999802e+03,-1.031877179999999943e-02
7.943282350000000406e+03,-1.080447609999999996e-02
8.128305159999999887e+03,-1.131301269999999970e-02
8.317637710000000880e+03,-1.184545210000000071e-02
8.511380380000000514e+03,-1.240291460000000033e-02
8.709635899999999310e+03,-1.298657289999999992e-02
8.912509379999999510e+03,-1.359765410000000029e-02
9.120108389999999417e+03,-1.423744239999999960e-02
9.332543009999999413e+03,-1.490728210000000047e-02
9.549925859999999375e+03,-1.560857969999999983e-02
9.772372209999999541e+03,-1.634280700000000086e-02
1.000000000000000000e+04,-1.711150430000000014e-02
1.023292989999999918e+04,-1.791628350000000133e-02
1.047128549999999996e+04,-1.875883089999999878e-02
1.071519310000000041e+04,-1.964091119999999968e-02
1.096478199999999924e+04,-2.056437070000000089e-02
1.122018449999999939e+04,-2.153114110000000150e-02
1.148153620000000046e+04,-2.254324330000000154e-02
1.174897550000000047e+04,-2.360279170000000037e-02
1.202264429999999993e+04,-2.471199810000000024e-02
1.230268770000000040e+04,-2.587317620000000040e-02
1.258925410000000011e+04,-2.708874639999999875e-02
1.288249550000000090e+04,-2.836123999999999937e-02
1.318256739999999991e+04,-2.969330480000000050e-02
1.348962880000000041e+04,-3.108771020000000024e-02
1.380384259999999995e+04,-3.254735219999999735e-02
1.412537540000000081e+04,-3.407525940000000197e-02
1.445439769999999953e+04,-3.567459869999999728e-02
1.479108389999999963e+04,-3.734868160000000270e-02
1.513561249999999927e+04,-3.910097010000000012e-02
1.548816619999999966e+04,-4.093508399999999658e-02
1.584893189999999959e+04,-4.285480719999999744e-02
1.621810100000000057e+04,-4.486409510000000100e-02
1.659586909999999989e+04,-4.696708189999999894e-02
1.698243649999999980e+04,-4.916808849999999842e-02
1.737800830000000133e+04,-5.147163040000000273e-02
1.778279409999999916e+04,-5.388242599999999716e-02
1.819700860000000102e+04,-5.640540539999999714e-02
1.862087139999999999e+04,-5.904571919999999918e-02
1.905460719999999856e+04,-6.180874780000000096e-02
1.949844599999999991e+04,-6.470011109999999899e-02
1.995262310000000070e+04,-6.772567829999999456e-02
2.041737940000000162e+04,-7.089157860000000477e-02
2.089296129999999903e+04,-7.420421150000000576e-02
2.137962090000000171e+04,-7.767025789999999763e-02
2.187761620000000039e+04,-8.129669170000000666e-02
2.238721140000000014e+04,-8.509079120000000163e-02
2.290867650000000140e+04,-8.906015170000000647e-02
2.344228819999999905e+04,-9.321269769999999955e-02
2.398832920000000013e+04,-9.755669570000000124e-02
2.454708919999999853e+04,-1.021007679999999945e-01
2.511886430000000109e+04,-1.068539049999999990e-01
2.570395780000000013e+04,-1.118254810000000044e-01
2.630267989999999918e+04,-1.170252680000000017e-01
2.691534800000000178e+04,-1.224634490000000020e-01
2.754228700000000026e+04,-1.281506340000000133e-01
2.818382930000000124e+04,-1.340978770000000042e-01
2.884031499999999869e+04,-1.403166879999999950e-01
2.951209230000000025e+04,-1.468190520000000054e-01
3.019951719999999841e+04,-1.536174439999999919e-01
3.090295430000000124e+04,-1.607248470000000040e-01
3.162277660000000105e+04,-1.681547660000000111e-01
3.235936569999999847e+04,-1.759212470000000028e-01
3.311311209999999846e+04,-1.840388910000000100e-01
3.388441560000000027e+04,-1.925228770000000089e-01
3.467368499999999767e+04,-2.013889739999999984e-01
3.548133890000000247e+04,-2.106535569999999913e-01
3.630780550000000221e+04,-2.203336310000000020e-01
3.715352290000000357e+04,-2.304468399999999861e-01
3.801893959999999788e+04,-2.410114889999999954e-01
3.890451449999999750e+04,-2.520465590000000033e-01
3.981071710000000166e+04,-2.635717220000000083e-01
4.073802780000000348e+04,-2.756073569999999973e-01
4.168693830000000162e+04,-2.881745669999999926e-01
4.265795190000000002e+04,-3.012951899999999905e-01
4.365158320000000094e+04,-3.149918150000000083e-01
4.466835919999999896e+04,-3.292877949999999942e-01
4.570881900000000314e+04,-3.442072560000000170e-01
4.677351410000000033e+04,-3.597751109999999808e-01
4.786300920000000042e+04,-3.760170629999999847e-01
4.897788190000000031e+04,-3.929596220000000084e-01
5.011872340000000258e+04,-4.106301010000000251e-01
5.128613840000000346e+04,-4.290566259999999965e-01
5.248074599999999919e+04,-4.482681370000000109e-01
5.370317960000000312e+04,-4.682943849999999797e-01
5.495408739999999671e+04,-4.891659340000000245e-01
5.623413249999999971e+04,-5.109141510000000386e-01
5.754399369999999908e+04,-5.335712000000000232e-01
5.888436549999999988e+04,-5.571700320000000373e-01
6.025595859999999811e+04,-5.817443690000000389e-01
6.165950020000000222e+04,-6.073286860000000065e-01
6.309573440000000119e+04,-6.339581899999999770e-01
6.456542289999999775e+04,-6.616687959999999480e-01
6.606934480000000622e+04,-6.904970950000000052e-01
6.760829750000000058e+04,-7.204803220000000064e-01
6.918309709999999905e+04,-7.516563189999999617e-01
7.079457839999999851e+04,-7.840634890000000023e-01
7.244359600000000501e+04,-8.177407530000000424e-01
7.413102409999999509e+04,-8.527274969999999454e-01
7.585775750000000698e+04,-8.890635120000000002e-01
7.762471169999999984e+04,-9.267889350000000359e-01
7.943282349999999860e+04,-9.659441829999999563e-01
8.128305160000000615e+04,-1.006569880000000028e+00
8.317637709999999788e+04,-1.048706780000000061e+00
8.511380379999999423e+04,-1.092395680000000091e+00
8.709635899999999674e+04,-1.137677360000000082e+00
8.912509380000000237e+04,-1.184592440000000080e+00
9.120108389999999781e+04,-1.233181349999999954e+00
9.332543009999999776e+04,-1.283484180000000086e+00
9.549925860000000102e+04,-1.335540600000000078e+00
9.772372209999999905e+04,-1.389389739999999929e+00
1.000000000000000000e+05,-1.445070120000000014e+00
1.023292989999999991e+05,-1.502619469999999957e+00
1.047128549999999959e+05,-1.562074689999999988e+00
1.071519309999999969e+05,-1.623471700000000073e+00
1.096478200000000070e+05,-1.686845300000000103e+00
1.122018450000000012e+05,-1.752229119999999973e+00
1.148153619999999937e+05,-1.819655449999999952e+00
1.174897550000000047e+05,-1.889155149999999894e+00
1.202264429999999993e+05,-1.960757550000000071e+00
1.230268769999999931e+05,-2.034490309999999802e+00
1.258925409999999974e+05,-2.110379350000000098e+00
1.288249550000000017e+05,-2.188448759999999993e+00
1.318256739999999991e+05,-2.268720640000000177e+00
1.348962880000000005e+05,-2.351215100000000113e+00
1.380384260000000068e+05,-2.435950130000000158e+00
1.412537539999999863e+05,-2.522941519999999826e+00
1.445439770000000135e+05,-2.612202819999999814e+00
1.479108390000000072e+05,-2.703745300000000018e+00
1.513561250000000000e+05,-2.797577850000000144e+00
1.548816620000000112e+05,-2.893706980000000151e+00
1.584893189999999886e+05,-2.992136780000000051e+00
1.621810100000000093e+05,-3.092868929999999850e+00
1.659586909999999916e+05,-3.195902639999999906e+00
1.698243649999999907e+05,-3.301234700000000188e+00
1.737800830000000133e+05,-3.408859490000000214e+00
1.778279409999999916e+05,-3.518768950000000117e+00
1.819700860000000102e+05,-3.630952699999999922e+00
1.862087140000000072e+05,-3.745398010000000166e+00
1.905460719999999856e+05,-3.862089899999999965e+00
1.949844599999999919e+05,-3.981011150000000054e+00
1.995262309999999998e+05,-4.102142439999999723e+00
2.041737939999999944e+05,-4.225462379999999740e+00
2.089296130000000121e+05,-4.350947579999999704e+00
2.137962090000000026e+05,-4.478572780000000364e+00
2.187761620000000112e+05,-4.608310949999999906e+00
2.238721140000000014e+05,-4.740133359999999740e+00
2.290867650000000140e+05,-4.874009680000000344e+00
2.344228820000000123e+05,-5.009908120000000409e+00
2.398832919999999867e+05,-5.147795559999999604e+00
2.454708919999999925e+05,-5.287637580000000170e+00
2.511886430000000109e+05,-5.429398660000000376e+00
2.570395780000000086e+05,-5.573042250000000308e+00
2.630267989999999991e+05,-5.718530910000000134e+00
2.691534799999999814e+05,-5.865826389999999613e+00
2.754228699999999953e+05,-6.014889779999999853e+00
2.818382930000000051e+05,-6.165681580000000217e+00
2.884031500000000233e+05,-6.318161840000000140e+00
2.951209230000000098e+05,-6.472290260000000295e+00
3.019951720000000205e+05,-6.628026260000000391e+00
3.090295430000000051e+05,-6.785329110000000163e+00
3.162277660000000033e+05,-6.944158019999999709e+00
3.235936570000000065e+05,-7.104472200000000015e+00
3.311311209999999846e+05,-7.266230969999999623e+00
3.388441560000000172e+05,-7.429393840000000360e+00
3.467368499999999767e+05,-7.593920549999999992e+00
3.548133890000000247e+05,-7.759771180000000435e+00
3.630780549999999930e+05,-7.926906200000000347e+00
3.715352289999999921e+05,-8.095286489999999446e+00
3.801893960000000079e+05,-8.264873480000000328e+00
3.890451450000000186e+05,-8.435629099999999880e+00
3.981071709999999730e+05,-8.607515890000000169e+00
4.073802779999999912e+05,-8.780497029999999370e+00
4.168693829999999725e+05,-8.954536349999999700e+00
4.265795189999999711e+05,-9.129598389999999952e+00
4.365158319999999949e+05,-9.305648389999999992e+00
4.466835920000000042e+05,-9.482652359999999447e+00
4.570881900000000023e+05,-9.660577070000000433e+00
4.677351410000000033e+05,-9.839390059999999494e+00
4.786300920000000042e+05,-1.001905969999999968e+01
4.897788190000000177e+05,-1.019955509999999954e+01
5.011872339999999967e+05,-1.038084620000000058e+01
5.128613840000000200e+05,-1.056290380000000084e+01
5.248074599999999627e+05,-1.074569939999999946e+01
5.370317959999999730e+05,-1.092920559999999952e+01
5.495408739999999525e+05,-1.111339530000000053e+01
5.623413249999999534e+05,-1.129824280000000059e+01
5.754399370000000345e+05,-1.148372269999999951e+01
5.888436550000000279e+05,-1.166981059999999992e+01
6.025595860000000102e+05,-1.185648300000000077e+01
6.165950019999999786e+05,-1.204371689999999973e+01
6.309573440000000410e+05,-1.223149019999999965e+01
6.456542290000000503e+05,-1.241978160000000031e+01
6.606934479999999749e+05,-1.260857039999999962e+01
6.760829749999999767e+05,-1.279783680000000068e+01
6.918309710000000196e+05,-1.298756140000000059e+01
7.079457839999999851e+05,-1.317772569999999988e+01
7.244359599999999627e+05,-1.336831190000000014e+01
7.413102410000000382e+05,-1.355930269999999993e+01
7.585775749999999534e+05,-1.375068139999999950e+01
7.762471169999999693e+05,-1.394243220000000072e+01
7.943282349999999860e+05,-1.413453960000000009e+01
8.128305159999999451e+05,-1.432698880000000052e+01
8.317637709999999497e+05,-1.451976559999999949e+01
8.511380379999999423e+05,-1.471285630000000033e+01
8.709635899999999674e+05,-1.490624760000000038e+01
8.912509379999999655e+05,-1.509992699999999921e+01
9.120108390000000363e+05,-1.529388229999999993e+01
9.332543009999999776e+05,-1.548810169999999964e+01
9.549925860000000102e+05,-1.568257410000000007e+01
9.772372210000000196e+05,-1.587728880000000053e+01
1.000000000000000000e+06,-1.607223529999999911e+01
1.023292989999999991e+06,-1.626740369999999913e+01
1.047128550000000047e+06,-1.646278459999999910e+01
1.071519310000000056e+06,-1.665836880000000164e+01
1.096478199999999953e+06,-1.685414749999999984e+01
1.122018449999999953e+06,-1.705011239999999972e+01
1.148153620000000112e+06,-1.724625539999999901e+01
1.174897550000000047e+06,-1.744256880000000010e+01
1.202264429999999935e+06,-1.763904520000000176e+01
1.230268770000000019e+06,-1.783567749999999918e+01
1.258925409999999916e+06,-1.803245890000000173e+01
1.288249550000000047e+06,-1.822938299999999856e+01
1.318256739999999991e+06,-1.842644350000000131e+01
1.348962879999999888e+06,-1.862363440000000026e+01
1.380384260000000009e+06,-1.882095010000000102e+01
1.412537540000000037e+06,-1.901838499999999854e+01
1.445439770000000019e+06,-1.921593389999999957e+01
1.479108389999999898e+06,-1.941359190000000012e+01
1.513561250000000000e+06,-1.961135409999999979e+01
1.548816620000000112e+06,-1.980921590000000165e+01
1.584893189999999944e+06,-2.000717300000000165e+01
1.621810100000000093e+06,-2.020522120000000044e+01
1.659586909999999916e+06,-2.040335629999999867e+01
1.698243649999999907e+06,-2.060157470000000046e+01
1.737800830000000075e+06,-2.079987249999999932e+01
1.778279409999999916e+06,-2.099824639999999931e+01
1.819700860000000102e+06,-2.119669289999999862e+01
1.862087139999999898e+06,-2.139520870000000130e+01
1.905460719999999972e+06,-2.159379089999999835e+01
1.949844600000000093e+06,-2.179243650000000088e+01
1.995262310000000056e+06,-2.199114259999999987e+01
2.041737939999999944e+06,-2.218990660000000048e+01
2.089296129999999888e+06,-2.238872590000000073e+01
2.137962089999999851e+06,-2.258759810000000101e+01
2.187761620000000112e+06,-2.278652070000000052e+01
2.238721140000000130e+06,-2.298549159999999958e+01
2.290867649999999907e+06,-2.318450849999999974e+01
2.344228819999999832e+06,-2.338356960000000129e+01
2.398832919999999925e+06,-2.358267259999999865e+01
2.454708919999999925e+06,-2.378181590000000156e+01
2.511886430000000168e+06,-2.398099759999999847e+01
2.570395779999999795e+06,-2.418021590000000032e+01
2.630267990000000224e+06,-2.437946930000000023e+01
2.691534799999999814e+06,-2.457875620000000083e+01
2.754228700000000186e+06,-2.477807509999999880e+01
2.818382930000000168e+06,-2.497742450000000147e+01
2.884031500000000000e+06,-2.517680310000000077e+01
2.951209229999999981e+06,-2.537620970000000042e+01
3.019951720000000205e+06,-2.557564280000000068e+01
3.090295430000000168e+06,-2.577510140000000050e+01
3.162277660000000149e+06,-2.597458430000000007e+01
3.235936569999999832e+06,-2.617409040000000076e+01
3.311311209999999963e+06,-2.637361870000000152e+01
3.388441560000000056e+06,-2.657316810000000018e+01
3.467368500000000000e+06,-2.677273780000000158e+01
3.548133890000000130e+06,-2.697232680000000116e+01
3.630780549999999814e+06,-2.717193430000000021e+01
3.715352290000000037e+06,-2.737155939999999887e+01
3.801893959999999963e+06,-2.757120139999999964e+01
3.890451450000000186e+06,-2.777085950000000025e+01
3.981071709999999963e+06,-2.797053289999999848e+01
4.073802779999999795e+06,-2.817022100000000151e+01
4.168693830000000075e+06,-2.836992310000000117e+01
4.265795190000000410e+06,-2.856963860000000111e+01
4.365158320000000298e+06,-2.876936680000000024e+01
4.466835919999999925e+06,-2.896910730000000100e+01
4.570881900000000373e+06,-2.916885949999999994e+01
4.677351410000000149e+06,-2.936862280000000069e+01
4.786300919999999925e+06,-2.956839670000000098e+01
4.897788190000000410e+06,-2.976818079999999966e+01
5.011872339999999851e+06,-2.996797469999999919e+01
5.128613839999999851e+06,-3.016777769999999848e+01
5.248074599999999627e+06,-3.036758969999999991e+01
5.370317959999999963e+06,-3.056741010000000003e+01
5.495408740000000224e+06,-3.076723859999999888e+01
5.623413250000000000e+06,-3.096707470000000129e+01
5.754399370000000112e+06,-3.116691829999999896e+01
5.888436549999999814e+06,-3.136676890000000029e+01
6.025595860000000335e+06,-3.156662620000000175e+01
6.165950019999999553e+06,-3.176648989999999984e+01
6.309573440000000410e+06,-3.196635979999999932e+01
6.456542290000000037e+06,-3.216623549999999909e+01
6.606934480000000447e+06,-3.236611680000000035e+01
6.760829750000000000e+06,-3.256600339999999960e+01
6.918309709999999963e+06,-3.276589520000000277e+01
7.079457839999999851e+06,-3.296579179999999809e+01
7.244359599999999627e+06,-3.316569299999999743e+01
7.413102410000000149e+06,-3.336559869999999961e+01
7.585775750000000000e+06,-3.356550870000000231e+01
7.762471169999999925e+06,-3.376542270000000201e+01
7.943282349999999627e+06,-3.396534050000000349e+01
8.128305160000000149e+06,-3.416526209999999963e+01
8.317637709999999963e+06,-3.436518720000000116e+01
8.511380380000000820e+06,-3.456511559999999861e+01
8.709635900000000373e+06,-3.476504729999999910e+01
8.912509380000000820e+06,-3.496498210000000029e+01
9.120108390000000596e+06,-3.516491979999999984e+01
9.332543009999999776e+06,-3.536486020000000252e+01
9.549925859999999404e+06,-3.556480340000000240e+01
9.772372210000000894e+06,-3.576474910000000307e+01
1.000000000000000000e+07,-3.596469729999999743e+01
1.023292990000000037e+07,-3.616464779999999735e+01
1.047128550000000000e+07,-3.636460050000000166e+01
1.071519309999999963e+07,-3.656455540000000326e+01
1.096478200000000000e+07,-3.676451229999999981e+01
1.122018450000000000e+07,-3.696447109999999725e+01
1.148153619999999925e+07,-3.716443180000000268e+01
1.174897550000000000e+07,-3.736439419999999956e+01
1.202264430000000075e+07,-3.756435840000000326e+01
1.230268769999999925e+07,-3.776432410000000317e+01
1.258925409999999963e+07,-3.796429140000000046e+01
1.288249550000000000e+07,-3.816426020000000108e+01
1.318256740000000037e+07,-3.836423039999999673e+01
1.348962880000000075e+07,-3.856420190000000048e+01
1.380384259999999963e+07,-3.876417469999999810e+01
1.412537540000000037e+07,-3.896414870000000263e+01
1.445439769999999925e+07,-3.916412389999999988e+01
1.479108390000000037e+07,-3.936410020000000287e+01
1.513561250000000000e+07,-3.956407750000000334e+01
1.548816619999999925e+07,-3.976405590000000245e+01
1.584893190000000037e+07,-3.996403529999999904e+01
1.621810100000000000e+07,-4.016401559999999904e+01
1.659586909999999963e+07,-4.036399680000000245e+01
1.698243650000000000e+07,-4.056397880000000100e+01
1.737800830000000075e+07,-4.076396160000000179e+01
1.778279410000000149e+07,-4.096394519999999773e+01
1.819700860000000149e+07,-4.116392960000000301e+01
1.862087139999999851e+07,-4.136391460000000109e+01
1.905460719999999925e+07,-4.156390030000000024e+01
1.949844600000000000e+07,-4.176388670000000047e+01
1.995262310000000149e+07,-4.196387370000000061e+01
2.041737939999999851e+07,-4.216386130000000065e+01
2.089296130000000075e+07,-4.236384939999999943e+01
2.137962089999999851e+07,-4.256383799999999695e+01
2.187761619999999925e+07,-4.276382720000000148e+01
2.238721139999999851e+07,-4.296381689999999764e+01
2.290867650000000000e+07,-4.316380699999999848e+01
2.344228819999999925e+07,-4.336379749999999689e+01
2.398832919999999925e+07,-4.356378850000000114e+01
2.454708919999999925e+07,-4.376377990000000295e+01
2.511886430000000075e+07,-4.396377170000000234e+01
2.570395780000000075e+07,-4.416376389999999930e+01
2.630267989999999851e+07,-4.436375639999999976e+01
2.691534800000000000e+07,-4.456374919999999662e+01
2.754228700000000000e+07,-4.476374239999999816e+01
2.818382930000000075e+07,-4.496373590000000320e+01
2.884031500000000000e+07,-4.516372960000000347e+01
2.951209230000000075e+07,-4.536372370000000132e+01
3.019951719999999925e+07,-4.556371800000000150e+01
3.090295430000000075e+07,-4.576371259999999808e+01
3.162277660000000149e+07,-4.596370739999999699e+01
3.235936569999999925e+07,-4.616370239999999825e+01
3.311311210000000149e+07,-4.636369770000000301e+01
3.388441560000000149e+07,-4.656369320000000300e+01
3.467368500000000000e+07,-4.676368889999999823e+01
3.548133889999999851e+07,-4.696368470000000173e+01
3.630780550000000000e+07,-4.716368080000000162e+01
3.715352289999999851e+07,-4.736367709999999676e+01
3.801893960000000149e+07,-4.756367350000000016e+01
3.890451450000000000e+07,-4.776366999999999763e+01
3.981071710000000149e+07,-4.796366679999999860e+01
4.073802779999999702e+07,-4.816366370000000074e+01
4.168693829999999702e+07,-4.836366069999999695e+01
4.265795189999999851e+07,-4.856365780000000143e+01
4.365158320000000298e+07,-4.876365510000000114e+01
4.466835920000000298e+07,-4.896365250000000202e+01
4.570881900000000000e+07,-4.916364999999999696e+01
4.677351410000000149e+07,-4.936364770000000135e+01
4.786300920000000298e+07,-4.956364539999999863e+01
4.897788189999999851e+07,-4.976364319999999708e+01
5.011872339999999851e+07,-4.996364119999999787e+01
5.128613839999999851e+07,-5.016363919999999865e+01
5.248074600000000000e+07,-5.036363730000000061e+01
5.370317960000000149e+07,-5.056363549999999663e+01
5.495408739999999851e+07,-5.076363380000000092e+01
5.623413250000000000e+07,-5.096363219999999927e+01
5.754399370000000298e+07,-5.116363059999999763e+01
5.888436550000000000e+07,-5.136362909999999715e+01
6.025595860000000149e+07,-5.156362769999999784e+01
6.165950020000000298e+07,-5.176362629999999854e+01
6.309573439999999851e+07,-5.196362500000000040e+01
6.456542289999999851e+07,-5.216362380000000343e+01
6.606934479999999702e+07,-5.236362259999999935e+01
6.760829750000000000e+07,-5.256362140000000238e+01
6.918309709999999404e+07,-5.276362040000000064e+01
7.079457840000000596e+07,-5.296361929999999774e+01
7.244359600000000000e+07,-5.316361830000000310e+01
7.413102409999999404e+07,-5.336361740000000253e+01
7.585775750000000000e+07,-5.356361650000000196e+01
7.762471170000000298e+07,-5.376361560000000139e+01
7.943282350000000000e+07,-5.396361480000000199e+01
8.128305159999999404e+07,-5.416361400000000259e+01
8.317637709999999404e+07,-5.436361329999999725e+01
8.511380379999999702e+07,-5.456361259999999902e+01
8.709635900000000000e+07,-5.476361190000000079e+01
8.912509379999999702e+07,-5.496361120000000255e+01
9.120108390000000596e+07,-5.516361059999999839e+01
9.332543009999999404e+07,-5.536361000000000132e+01
9.549925859999999404e+07,-5.556360939999999715e+01
9.772372209999999404e+07,-5.576360890000000126e+01
1.000000000000000000e+08,-5.596360839999999826e+01
